{
  "model": "vae",
  "study_name": "artbench_hpo_vae",
  "best_value": 0.02657719749212265,
  "best_params": {
    "latent_dim": 32,
    "base_channels": 64,
    "batch_size": 32,
    "lr": 0.0005316842859123279,
    "beta": 1.136889392911048e-06
  },
  "hpo_stage": "dev20",
  "trials_completed": 20
}