{
  "model": "dcgan",
  "study_name": "artbench_hpo_dcgan",
  "best_value": 1.6815803432837129,
  "best_params": {
    "latent_dim": 256,
    "feature_maps": 64,
    "batch_size": 32,
    "lr": 0.0001261124137711838,
    "beta1": 0.4812811546757532,
    "real_label": 0.9836416189930203
  },
  "hpo_stage": "dev20",
  "trials_completed": 20
}